dataset,seed,classifier,technique,category,accuracy,f1,auc,mcc,stat_parity_diff,eq_odds_diff,eq_opp_diff,disparate_impact
COMPAS,42,LogReg,Baseline,none,0.6793,0.709,0.736,0.3587,-0.2829,-0.2381,-0.1887,0.6246
COMPAS,42,LogReg,CalibratedEqOdds,post,0.6503,0.7093,0.6857,0.3115,-0.5294,-0.5124,-0.3333,0.4706
COMPAS,42,LogReg,RejectOption,post,0.666,0.6879,0.736,0.3308,0.0045,0.053,0.0939,1.0082
COMPAS,42,RandomForest,Baseline,none,0.6326,0.6473,0.6921,0.264,-0.1323,-0.0955,-0.0759,0.7809
COMPAS,42,RandomForest,CalibratedEqOdds,post,0.6345,0.664,0.6814,0.2673,-0.2448,-0.2123,-0.1723,0.6583
COMPAS,42,RandomForest,RejectOption,post,0.6332,0.6451,0.6921,0.2656,-0.0314,0.0072,0.0374,0.9414
COMPAS,42,XGBoost,Baseline,none,0.673,0.6971,0.7268,0.3449,-0.217,-0.1673,-0.1744,0.6864
COMPAS,42,XGBoost,CalibratedEqOdds,post,0.6414,0.6992,0.6771,0.2905,-0.4912,-0.472,-0.3368,0.4915
COMPAS,42,XGBoost,RejectOption,post,0.637,0.5987,0.7268,0.2884,-0.0408,0.0002,0.0289,0.9013
COMPAS,42,MLP,Baseline,none,0.6768,0.7114,0.7336,0.3549,-0.279,-0.2357,-0.1799,0.6371
COMPAS,42,MLP,CalibratedEqOdds,post,0.649,0.711,0.6833,0.3112,-0.5102,-0.4931,-0.3144,0.4898
COMPAS,42,MLP,RejectOption,post,0.6686,0.7019,0.7336,0.3375,-0.0423,0.0061,0.0394,0.9318
COMPAS,42,LogReg,Reweighing,pre,0.6566,0.6906,0.7187,0.3129,0.051,0.0984,0.1261,1.0905
COMPAS,42,RandomForest,Reweighing,pre,0.6376,0.6575,0.6878,0.2737,-0.0706,-0.0309,-0.0112,0.8791
COMPAS,42,XGBoost,Reweighing,pre,0.6742,0.6961,0.7185,0.3473,-0.0784,-0.0262,-0.0196,0.8699
COMPAS,42,MLP,Reweighing,pre,0.666,0.6972,0.7254,0.3318,-0.0129,0.0352,0.072,0.9782
COMPAS,42,LogReg,DisparateImpactRemover,pre,0.6799,0.7121,0.7341,0.3607,-0.2642,-0.2188,-0.1698,0.6486
COMPAS,42,RandomForest,DisparateImpactRemover,pre,0.6168,0.6402,0.6711,0.2317,-0.1502,-0.1179,-0.1107,0.7645
COMPAS,42,XGBoost,DisparateImpactRemover,pre,0.6723,0.7059,0.7227,0.3454,-0.2156,-0.1687,-0.1498,0.703
COMPAS,42,MLP,DisparateImpactRemover,pre,0.6648,0.7204,0.7273,0.3419,-0.148,-0.1052,-0.0595,0.808
COMPAS,42,PR-LogReg,PrejudiceRemover,in,0.6452,0.7051,0.6783,0.3006,-0.177,-0.1429,-0.0781,0.7765
Adult,42,LogReg,Baseline,none,0.8451,0.6604,0.9014,0.5638,-0.1497,-0.1253,-0.1902,0.3343
Adult,42,LogReg,CalibratedEqOdds,post,0.8222,0.5594,0.8514,0.4727,-0.0911,-0.0333,-0.0286,0.4522
Adult,42,LogReg,RejectOption,post,0.7962,0.672,0.9014,0.5581,-0.0611,0.0572,0.1008,0.8397
Adult,42,RandomForest,Baseline,none,0.8471,0.6737,0.8947,0.5755,-0.1369,-0.0593,-0.0564,0.4196
Adult,42,RandomForest,CalibratedEqOdds,post,0.8464,0.6717,0.8941,0.5732,-0.136,-0.0576,-0.0532,0.4213
Adult,42,RandomForest,RejectOption,post,0.8236,0.6717,0.8947,0.5559,0.0534,0.1718,0.2218,1.187
Adult,42,XGBoost,Baseline,none,0.8696,0.7126,0.9268,0.6328,-0.1385,-0.0892,-0.1322,0.3744
Adult,42,XGBoost,CalibratedEqOdds,post,0.8569,0.6657,0.9081,0.5879,-0.1101,-0.0433,-0.0502,0.4296
Adult,42,XGBoost,RejectOption,post,0.8274,0.7108,0.9268,0.6119,-0.0612,0.0607,0.0997,0.8285
Adult,42,MLP,Baseline,none,0.8445,0.6552,0.902,0.5599,-0.1463,-0.1186,-0.1775,0.3326
Adult,42,MLP,CalibratedEqOdds,post,0.8165,0.5285,0.8411,0.4484,-0.078,-0.0103,0.014,0.4833
Adult,42,MLP,RejectOption,post,0.7978,0.6728,0.902,0.5589,-0.0524,0.061,0.0978,0.8611
Adult,42,LogReg,Reweighing,pre,0.8438,0.6552,0.9002,0.5587,-0.0866,-0.0015,0.0165,0.5981
Adult,42,RandomForest,Reweighing,pre,0.8473,0.6727,0.8954,0.575,-0.1328,-0.0553,-0.0522,0.4309
Adult,42,XGBoost,Reweighing,pre,0.869,0.7112,0.926,0.6312,-0.087,0.0196,0.0539,0.5971
Adult,42,MLP,Reweighing,pre,0.8496,0.6678,0.906,0.5752,-0.0676,0.0421,0.0902,0.6834
Adult,42,LogReg,DisparateImpactRemover,pre,0.8457,0.6748,0.9006,0.5745,-0.1683,-0.1483,-0.224,0.3132
Adult,42,RandomForest,DisparateImpactRemover,pre,0.8363,0.6585,0.8895,0.5513,-0.1574,-0.1142,-0.155,0.3671
Adult,42,XGBoost,DisparateImpactRemover,pre,0.8633,0.7067,0.9183,0.6196,-0.1565,-0.1499,-0.2504,0.3355
Adult,42,MLP,DisparateImpactRemover,pre,0.8462,0.678,0.902,0.5776,-0.1786,-0.1655,-0.2515,0.2833
Adult,42,PR-LogReg,PrejudiceRemover,in,0.8448,0.66,0.9015,0.5631,-0.145,-0.1226,-0.1902,0.3551
COMPAS,7,LogReg,Baseline,none,0.6667,0.7089,0.7214,0.3276,-0.2423,-0.2008,-0.1446,0.68
COMPAS,7,LogReg,CalibratedEqOdds,post,0.6521,0.7202,0.6854,0.3056,-0.4852,-0.4733,-0.3075,0.5148
COMPAS,7,LogReg,RejectOption,post,0.6427,0.6834,0.7214,0.2785,-0.0204,0.0207,0.0674,0.9664
COMPAS,7,RandomForest,Baseline,none,0.6275,0.6505,0.663,0.2518,-0.1812,-0.1471,-0.1118,0.7173
COMPAS,7,RandomForest,CalibratedEqOdds,post,0.6301,0.6651,0.6565,0.2538,-0.2784,-0.2501,-0.1933,0.6229
COMPAS,7,RandomForest,RejectOption,post,0.6187,0.6422,0.663,0.2341,-0.0316,0.0061,0.0241,0.9427
COMPAS,7,XGBoost,Baseline,none,0.6578,0.6979,0.6998,0.3094,-0.2608,-0.2215,-0.1738,0.6548
COMPAS,7,XGBoost,CalibratedEqOdds,post,0.6503,0.7093,0.6711,0.2965,-0.4363,-0.4163,-0.2972,0.5314
COMPAS,7,XGBoost,RejectOption,post,0.6269,0.6078,0.6998,0.2686,-0.0603,-0.0206,0.0179,0.8674
COMPAS,7,MLP,Baseline,none,0.6749,0.7105,0.7256,0.3443,-0.2635,-0.2182,-0.1696,0.6476
COMPAS,7,MLP,CalibratedEqOdds,post,0.6566,0.7196,0.6886,0.3125,-0.5159,-0.5036,-0.3326,0.4841
COMPAS,7,MLP,RejectOption,post,0.6547,0.6869,0.7256,0.3038,-0.0664,-0.0215,0.0233,0.8911
COMPAS,7,LogReg,Reweighing,pre,0.6414,0.69,0.7051,0.2757,0.0025,0.0452,0.0772,1.004
COMPAS,7,RandomForest,Reweighing,pre,0.625,0.6534,0.658,0.2453,-0.1065,-0.0702,-0.0441,0.8262
COMPAS,7,XGBoost,Reweighing,pre,0.6395,0.6769,0.6877,0.2725,-0.103,-0.0627,-0.0334,0.8402
COMPAS,7,MLP,Reweighing,pre,0.6503,0.6996,0.7072,0.2942,-0.0058,0.0415,0.0594,0.9908
COMPAS,7,LogReg,DisparateImpactRemover,pre,0.6723,0.7196,0.7207,0.3404,-0.2189,-0.1751,-0.1206,0.7144
COMPAS,7,RandomForest,DisparateImpactRemover,pre,0.6199,0.6488,0.6574,0.2351,-0.1774,-0.1478,-0.1006,0.7293
COMPAS,7,XGBoost,DisparateImpactRemover,pre,0.6572,0.7028,0.708,0.3083,-0.2049,-0.1653,-0.1136,0.7242
COMPAS,7,MLP,DisparateImpactRemover,pre,0.6654,0.7132,0.7089,0.3258,-0.3323,-0.2955,-0.2315,0.6008
COMPAS,7,PR-LogReg,PrejudiceRemover,in,0.6559,0.7183,0.7007,0.3107,-0.1432,-0.1019,-0.0641,0.815
COMPAS,123,LogReg,Baseline,none,0.6913,0.7251,0.7281,0.3777,-0.3081,-0.2773,-0.2002,0.6052
COMPAS,123,LogReg,CalibratedEqOdds,post,0.6641,0.7218,0.6758,0.3265,-0.5276,-0.5227,-0.3229,0.4724
COMPAS,123,LogReg,RejectOption,post,0.6799,0.7111,0.7281,0.3548,-0.052,-0.0152,0.0209,0.9143
COMPAS,123,RandomForest,Baseline,none,0.6338,0.6544,0.6791,0.2651,-0.1709,-0.1456,-0.1122,0.7296
COMPAS,123,RandomForest,CalibratedEqOdds,post,0.6319,0.6693,0.6663,0.2572,-0.3111,-0.2935,-0.2239,0.5971
COMPAS,123,RandomForest,RejectOption,post,0.6187,0.6383,0.6791,0.2353,-0.0454,-0.0196,-0.0059,0.9174
COMPAS,123,XGBoost,Baseline,none,0.6824,0.7198,0.7221,0.3598,-0.2544,-0.2221,-0.1692,0.6642
COMPAS,123,XGBoost,CalibratedEqOdds,post,0.654,0.7178,0.6752,0.3072,-0.4969,-0.4924,-0.3082,0.5031
COMPAS,123,XGBoost,RejectOption,post,0.6547,0.7116,0.7221,0.3054,-0.0004,0.0318,0.0507,0.9994
COMPAS,123,MLP,Baseline,none,0.6806,0.7173,0.7325,0.3559,-0.3316,-0.3039,-0.2258,0.5865
COMPAS,123,MLP,CalibratedEqOdds,post,0.6566,0.7152,0.6792,0.3102,-0.5297,-0.5251,-0.3375,0.4703
COMPAS,123,MLP,RejectOption,post,0.6679,0.7258,0.7325,0.3351,0.0425,0.0799,0.0851,1.0651
COMPAS,123,LogReg,Reweighing,pre,0.6698,0.7099,0.7225,0.334,0.0104,0.0469,0.0689,1.0174
COMPAS,123,RandomForest,Reweighing,pre,0.6301,0.6589,0.6762,0.2552,-0.0899,-0.0659,-0.0235,0.852
COMPAS,123,XGBoost,Reweighing,pre,0.6686,0.7126,0.7182,0.3318,-0.064,-0.03,0.0004,0.9031
COMPAS,123,MLP,Reweighing,pre,0.6629,0.7138,0.7146,0.3212,-0.0401,-0.0082,0.027,0.9401
COMPAS,123,LogReg,DisparateImpactRemover,pre,0.697,0.7333,0.7321,0.3896,-0.2386,-0.204,-0.1399,0.6823
COMPAS,123,RandomForest,DisparateImpactRemover,pre,0.6212,0.6437,0.6629,0.2394,-0.1166,-0.0911,-0.0787,0.8064
COMPAS,123,XGBoost,DisparateImpactRemover,pre,0.6673,0.7159,0.7079,0.33,-0.1315,-0.1011,-0.0543,0.8172
COMPAS,123,MLP,DisparateImpactRemover,pre,0.6622,0.7197,0.694,0.3223,-0.2848,-0.2633,-0.1749,0.6642
COMPAS,123,PR-LogReg,PrejudiceRemover,in,0.5802,0.6304,0.6107,0.1504,0.0357,0.0264,0.2485,1.0615
Adult,7,LogReg,Baseline,none,0.8494,0.6706,0.9017,0.5783,-0.1291,-0.0762,-0.1118,0.4134
Adult,7,LogReg,CalibratedEqOdds,post,0.8243,0.5706,0.8505,0.4857,-0.0758,0.0091,0.0415,0.5454
Adult,7,LogReg,RejectOption,post,0.7954,0.6735,0.9017,0.5569,-0.051,0.0619,0.0889,0.8663
Adult,7,RandomForest,Baseline,none,0.8436,0.6705,0.8924,0.5698,-0.1385,-0.0564,-0.0547,0.4195
Adult,7,RandomForest,CalibratedEqOdds,post,0.8436,0.6705,0.8924,0.5698,-0.1385,-0.0564,-0.0547,0.4195
Adult,7,RandomForest,RejectOption,post,0.8162,0.6676,0.8924,0.547,0.0249,0.1554,0.2134,1.0828
Adult,7,XGBoost,Baseline,none,0.8689,0.7198,0.9262,0.6373,-0.1546,-0.0979,-0.1413,0.3377
Adult,7,XGBoost,CalibratedEqOdds,post,0.8537,0.6707,0.9051,0.5861,-0.1284,-0.054,-0.0599,0.3805
Adult,7,XGBoost,RejectOption,post,0.8216,0.7072,0.9262,0.6047,-0.0364,0.0837,0.1106,0.8998
Adult,7,MLP,Baseline,none,0.8532,0.6809,0.9082,0.5903,-0.1323,-0.0887,-0.1395,0.4074
Adult,7,MLP,CalibratedEqOdds,post,0.8369,0.6224,0.8813,0.5324,-0.101,-0.0376,-0.0463,0.4738
Adult,7,MLP,RejectOption,post,0.8072,0.6871,0.9082,0.5759,-0.0599,0.0599,0.0925,0.8391
Adult,7,LogReg,Reweighing,pre,0.8461,0.6633,0.8994,0.569,-0.0633,0.0487,0.0928,0.7034
Adult,7,RandomForest,Reweighing,pre,0.8426,0.6669,0.8925,0.5659,-0.1354,-0.0553,-0.0551,0.4268
Adult,7,XGBoost,Reweighing,pre,0.8687,0.7172,0.9257,0.6356,-0.0948,0.0186,0.0509,0.5763
Adult,7,MLP,Reweighing,pre,0.8513,0.676,0.9066,0.5844,-0.0712,0.0422,0.0849,0.6703
Adult,7,LogReg,DisparateImpactRemover,pre,0.848,0.6601,0.9007,0.5706,-0.123,-0.0668,-0.0947,0.4127
Adult,7,RandomForest,DisparateImpactRemover,pre,0.8415,0.6464,0.8925,0.5521,-0.1269,-0.0773,-0.1108,0.3987
Adult,7,XGBoost,DisparateImpactRemover,pre,0.8636,0.6987,0.9195,0.6173,-0.1353,-0.0918,-0.1462,0.3748
Adult,7,MLP,DisparateImpactRemover,pre,0.852,0.6672,0.9064,0.5813,-0.1272,-0.0934,-0.1527,0.3871
Adult,7,PR-LogReg,PrejudiceRemover,in,0.8485,0.6687,0.9015,0.5758,-0.1268,-0.086,-0.1375,0.4238
Adult,123,LogReg,Baseline,none,0.8508,0.6673,0.9078,0.577,-0.1322,-0.0762,-0.0973,0.3863
Adult,123,LogReg,CalibratedEqOdds,post,0.8218,0.5404,0.8445,0.4659,-0.0646,0.0317,0.0947,0.5628
Adult,123,LogReg,RejectOption,post,0.8049,0.6808,0.9078,0.5696,-0.0432,0.0587,0.081,0.8831
Adult,123,RandomForest,Baseline,none,0.8504,0.6782,0.8989,0.583,-0.13,-0.0661,-0.0804,0.4385
Adult,123,RandomForest,CalibratedEqOdds,post,0.8503,0.678,0.8988,0.5828,-0.1299,-0.0659,-0.08,0.4387
Adult,123,RandomForest,RejectOption,post,0.8222,0.6689,0.8989,0.552,0.0942,0.2073,0.2535,1.3348
Adult,123,XGBoost,Baseline,none,0.875,0.7224,0.9323,0.6474,-0.1283,-0.0598,-0.0763,0.4084
Adult,123,XGBoost,CalibratedEqOdds,post,0.8616,0.6771,0.9132,0.6024,-0.1041,-0.019,-0.0011,0.4597
Adult,123,XGBoost,RejectOption,post,0.8314,0.7163,0.9323,0.6195,-0.0313,0.0713,0.0857,0.9107
Adult,123,MLP,Baseline,none,0.8517,0.6714,0.9109,0.5807,-0.1276,-0.0709,-0.0923,0.4139
Adult,123,MLP,CalibratedEqOdds,post,0.8329,0.5941,0.8733,0.5096,-0.0835,-0.0006,0.0326,0.5188
Adult,123,MLP,RejectOption,post,0.8047,0.6808,0.9109,0.5697,-0.0448,0.0574,0.08,0.879
Adult,123,LogReg,Reweighing,pre,0.8497,0.6644,0.9058,0.5736,-0.0711,0.0471,0.111,0.659
Adult,123,RandomForest,Reweighing,pre,0.8518,0.6788,0.8995,0.5853,-0.1286,-0.0662,-0.0822,0.4355
Adult,123,XGBoost,Reweighing,pre,0.8745,0.72,0.9319,0.6455,-0.0816,0.0235,0.0573,0.6111
Adult,123,MLP,Reweighing,pre,0.8534,0.6707,0.911,0.5832,-0.0708,0.0468,0.1087,0.6562
Adult,123,LogReg,DisparateImpactRemover,pre,0.8501,0.6811,0.9068,0.5846,-0.1569,-0.1046,-0.1355,0.3444
Adult,123,RandomForest,DisparateImpactRemover,pre,0.8257,0.6247,0.8801,0.5134,-0.1395,-0.0729,-0.071,0.3984
Adult,123,XGBoost,DisparateImpactRemover,pre,0.8465,0.6614,0.8956,0.5667,-0.1433,-0.0916,-0.1174,0.352
Adult,123,MLP,DisparateImpactRemover,pre,0.8505,0.6861,0.9101,0.5887,-0.1595,-0.1113,-0.1495,0.3509
Adult,123,PR-LogReg,PrejudiceRemover,in,0.8499,0.6658,0.9079,0.5747,-0.13,-0.0774,-0.1027,0.3967
